name,base_url,cms_type,auth_type,credentials,languages,multilingual_plugin,endpoint_path,body_template,response_id_path,response_url_path
worldcup2026odds.com,https://worldcup2026odds.com,custom,basic_auth,login:password,"en, es, fr, it, pt, el, ar",none,/index.php?__add_content=1,"{
  ""id"": ""{{id}}"",
  ""lang"": ""{{lang}}"",
  ""slug"": ""{{slug}}"",
  ""title"": ""{{title}}"",
  ""action"": ""{{action}}"",
  ""content"": ""{{content}}"",
  ""seo_title"": ""{{seo_title}}"",
  ""seo_description"": ""{{seo_description}}""
}
",data.id,data.url
2026worldcupodds.com,https://2026worldcupodds.com,custom,basic_auth,login:password,"en, es, fr, it, pt, el, ar",none,/index.php?__add_content=1,"{
  ""id"": ""{{id}}"",
  ""lang"": ""{{lang}}"",
  ""slug"": ""{{slug}}"",
  ""title"": ""{{title}}"",
  ""action"": ""{{action}}"",
  ""content"": ""{{content}}"",
  ""seo_title"": ""{{seo_title}}"",
  ""seo_description"": ""{{seo_description}}""
}
",data.id,data.url
apuestasmundial2026.net,https://apuestasmundial2026.net,custom,basic_auth,login:password,"es, en, fr, it, pt, el, ar",none,/index.php?__add_content=1,"{
  ""id"": ""{{id}}"",
  ""lang"": ""{{lang}}"",
  ""slug"": ""{{slug}}"",
  ""title"": ""{{title}}"",
  ""action"": ""{{action}}"",
  ""content"": ""{{content}}"",
  ""seo_title"": ""{{seo_title}}"",
  ""seo_description"": ""{{seo_description}}""
}
",data.id,data.url